,program,identificador,;,begin,end,.,var,:,real,cadena,operadorAsignacion,+,-,concatenacion,*,/,^,constanteReal,constanteCadena,(,),raiz,extraerSubcadena,",",buscarSubcadena,longitudCadena,while,do,operadorLogicoOr,operadorLogicoAnd,operadorLogicoNot,operadorRelacional,if,then,else,read,write,$
Programa,tProgram tIdentificador tPuntoYComa vDeclaracionVariables tBegin vCuerpo tEnd tPunto,,,,,,,,,,,,,,,,,,,,,,,,,,,,,,,,,,,,,
DeclaracionVariables,,,,EPS,,,tVar vCuerpoVar tEnd tPuntoYComa,,,,,,,,,,,,,,,,,,,,,,,,,,,,,,,
CuerpoVar,,tIdentificador tDosPuntos vTipoVar tPuntoYComa vCuerpoVarII,,,,,,,,,,,,,,,,,,,,,,,,,,,,,,,,,,,,
CuerpoVarII,,vCuerpoVar,,,EPS,,,,,,,,,,,,,,,,,,,,,,,,,,,,,,,,,
TipoVar,,,,,,,,,tReal,tCadena,,,,,,,,,,,,,,,,,,,,,,,,,,,,
Cuerpo,,vSentencia tPuntoYComa vCuerpo,,,EPS,,,,,,,,,,,,,,,,,,,,,,vSentencia tPuntoYComa vCuerpo,,,,,,vSentencia tPuntoYComa vCuerpo,,EPS,vSentencia tPuntoYComa vCuerpo,vSentencia tPuntoYComa vCuerpo,
Sentencia,,vAsignacion,,,,,,,,,,,,,,,,,,,,,,,,,vCiclica,,,,,,vCondicional,,,vLectura,vEscritura,
Asignacion,,tIdentificador tOperadorAsignacion vExpresion,,,,,,,,,,,,,,,,,,,,,,,,,,,,,,,,,,,,
Expresion,,vTermino vExpresionII,,,,,,,,,,,vTermino vExpresionII,,,,,vTermino vExpresionII,vTermino vExpresionII,vTermino vExpresionII,,vTermino vExpresionII,vTermino vExpresionII,,vTermino vExpresionII,vTermino vExpresionII,,,,,,,,,,,,
ExpresionII,,,EPS,,,,,,,,,tMas vTermino vExpresionII,tMenos vTermino vExpresionII,tConcatenacion vTermino vExpresionII,,,,,,,EPS,,,EPS,,,,EPS,EPS,EPS,,EPS,,EPS,,,,
Termino,,vFactor vTerminoII,,,,,,,,,,,vFactor vTerminoII,,,,,vFactor vTerminoII,vFactor vTerminoII,vFactor vTerminoII,,vFactor vTerminoII,vFactor vTerminoII,,vFactor vTerminoII,vFactor vTerminoII,,,,,,,,,,,,
TerminoII,,,EPS,,,,,,,,,EPS,EPS,EPS,tProducto vFactor vTerminoII,tDivision vFactor vTerminoII,,,,,EPS,,,EPS,,,,EPS,EPS,EPS,,EPS,,EPS,,,,
Factor,,vMayorPrecedencia vFactorII,,,,,,,,,,,vMayorPrecedencia vFactorII,,,,,vMayorPrecedencia vFactorII,vMayorPrecedencia vFactorII,vMayorPrecedencia vFactorII,,vMayorPrecedencia vFactorII,vMayorPrecedencia vFactorII,,vMayorPrecedencia vFactorII,vMayorPrecedencia vFactorII,,,,,,,,,,,,
FactorII,,,EPS,,,,,,,,,EPS,EPS,EPS,EPS,EPS,tPotencia vMayorPrecedencia vFactorII,,,,EPS,,,EPS,,,,EPS,EPS,EPS,,EPS,,EPS,,,,
MayorPrecedencia,,tIdentificador,,,,,,,,,,,tMenos vMayorPrecedencia,,,,,tConstanteReal,tConstanteCadena,tParentesisAbre vExpresion tParentesisCierra,,tRaiz tParentesisAbre vExpresion tParentesisCierra,tExtraerSubcadena tParentesisAbre vExpresion tComa vExpresion tComa vExpresion tParentesisCierra,,tBuscarSubcadena tParentesisAbre vExpresion tComa vExpresion tParentesisCierra,tLongitudCadena tParentesisAbre vExpresion tParentesisCierra,,,,,,,,,,,,
Ciclica,,,,,,,,,,,,,,,,,,,,,,,,,,,tWhile vCondicion tDo vCuerpo tEnd,,,,,,,,,,,
Condicion,,vTerminoAnd vCondicionII,,,,,,,,,,,vTerminoAnd vCondicionII,,,,,vTerminoAnd vCondicionII,vTerminoAnd vCondicionII,vTerminoAnd vCondicionII,,vTerminoAnd vCondicionII,vTerminoAnd vCondicionII,,vTerminoAnd vCondicionII,vTerminoAnd vCondicionII,,,,,vTerminoAnd vCondicionII,,,,,,,
CondicionII,,,,,,,,,,,,,,,,,,,,,,,,,,,,EPS,tOperadorLogicoOR vTerminoAnd vCondicionII,,,,,EPS,,,,
TerminoAnd,,vTerminoLogico vTerminoAndII,,,,,,,,,,,vTerminoLogico vTerminoAndII,,,,,vTerminoLogico vTerminoAndII,vTerminoLogico vTerminoAndII,vTerminoLogico vTerminoAndII,,vTerminoLogico vTerminoAndII,vTerminoLogico vTerminoAndII,,vTerminoLogico vTerminoAndII,vTerminoLogico vTerminoAndII,,,,,vTerminoLogico vTerminoAndII,,,,,,,
TerminoAndII,,,,,,,,,,,,,,,,,,,,,,,,,,,,EPS,EPS,tOperadorLogicoAND vTerminoLogico vTerminoAndII,,,,EPS,,,,
TerminoLogico,,vComparacion,,,,,,,,,,,vComparacion,,,,,vComparacion,vComparacion,vComparacion,,vComparacion,vComparacion,,vComparacion,vComparacion,,,,,tOperadorLogicoNOT vComparacion,,,,,,,
Comparacion,,vExpresion tOperadorRelacional vExpresion,,,,,,,,,,,vExpresion tOperadorRelacional vExpresion,,,,,vExpresion tOperadorRelacional vExpresion,vExpresion tOperadorRelacional vExpresion,vExpresion tOperadorRelacional vExpresion,,vExpresion tOperadorRelacional vExpresion,vExpresion tOperadorRelacional vExpresion,,vExpresion tOperadorRelacional vExpresion,vExpresion tOperadorRelacional vExpresion,,,,,,,,,,,,
Condicional,,,,,,,,,,,,,,,,,,,,,,,,,,,,,,,,,tIf vCondicion tThen vCuerpo vCondicionalFin,,,,,
CondicionalFin,,,,,tEnd,,,,,,,,,,,,,,,,,,,,,,,,,,,,,,tElse vCuerpo tEnd,,,
Lectura,,,,,,,,,,,,,,,,,,,,,,,,,,,,,,,,,,,,tRead tParentesisAbre vLecturaII,,
LecturaII,,tIdentificador tParentesisCierra,,,,,,,,,,,,,,,,,tConstanteCadena tComa tIdentificador tParentesisCierra,,,,,,,,,,,,,,,,,,,
Escritura,,,,,,,,,,,,,,,,,,,,,,,,,,,,,,,,,,,,,tWrite tParentesisAbre vTipoEscritura tParentesisCierra,
TipoEscritura,,vExpresion vTipoEscrituraII,,,,,,,,,,,vExpresion vTipoEscrituraII,,,,,vExpresion vTipoEscrituraII,vExpresion vTipoEscrituraII,vExpresion vTipoEscrituraII,,vExpresion vTipoEscrituraII,vExpresion vTipoEscrituraII,,vExpresion vTipoEscrituraII,vExpresion vTipoEscrituraII,,,,,,,,,,,,
TipoEscrituraII,,,,,,,,,,,,,,,,,,,,,EPS,,,tComa vExpresion vTipoEscrituraII,,,,,,,,,,,,,,